{"cameraMode":{"drawMode":0,"name":"Shaded","section":"Shading Mode"},"sceneLighting":true,"audioPlay":false,"sceneViewState":{"showFog":true,"showMaterialUpdate":false,"showSkybox":true,"showFlares":true,"showImageEffects":true,"showParticleSystems":true},"in2DMode":false,"pivot":{"x":0.2021007537841797,"y":-0.007750034332275391,"z":0.44544410705566409},"rotation":{"x":0.21134543418884278,"y":0.02111097052693367,"z":-0.004566232208162546,"w":0.9771727919578552},"size":1.0151658058166505,"orthographic":false}