{"cameraMode":{"drawMode":0,"name":"Shaded","section":"Shading Mode"},"sceneLighting":false,"audioPlay":false,"sceneViewState":{"showFog":true,"showMaterialUpdate":false,"showSkybox":true,"showFlares":true,"showImageEffects":true,"showParticleSystems":true},"in2DMode":false,"pivot":{"x":0.05227430537343025,"y":0.042418722063302997,"z":-0.01136312261223793},"rotation":{"x":-0.12551739811897279,"y":-0.17259308695793153,"z":0.022180043160915376,"w":-0.9767113924026489},"size":0.040809184312820438,"orthographic":false}