{"cameraMode":{"drawMode":0,"name":"Shaded","section":"Shading Mode"},"sceneLighting":false,"audioPlay":false,"sceneViewState":{"showFog":true,"showMaterialUpdate":false,"showSkybox":true,"showFlares":true,"showImageEffects":true,"showParticleSystems":true},"in2DMode":false,"pivot":{"x":0.018041856586933137,"y":0.008800778537988663,"z":0.014878569170832634},"rotation":{"x":-0.21007709205150605,"y":-0.6224825978279114,"z":0.1785324662923813,"w":-0.7324678897857666},"size":0.08161838352680206,"orthographic":false}