{"cameraMode":{"drawMode":0,"name":"Shaded","section":"Shading Mode"},"sceneLighting":false,"audioPlay":false,"sceneViewState":{"showFog":true,"showMaterialUpdate":true,"showSkybox":true,"showFlares":true,"showImageEffects":true,"showParticleSystems":true},"in2DMode":false,"pivot":{"x":0.0502999946475029,"y":0.038822636008262637,"z":-0.008294189348816872},"rotation":{"x":0.1508929282426834,"y":0.019275613129138948,"z":-0.0029426985420286657,"w":0.9883578419685364},"size":0.043201375752687457,"orthographic":false}