{"cameraMode":{"drawMode":0,"name":"Shaded","section":"Shading Mode"},"sceneLighting":true,"audioPlay":false,"sceneViewState":{"showFog":true,"showMaterialUpdate":true,"showSkybox":true,"showFlares":true,"showImageEffects":true,"showParticleSystems":true},"in2DMode":false,"pivot":{"x":-0.4875965714454651,"y":-2.674332857131958,"z":2.8372786045074465},"rotation":{"x":0.24640950560569764,"y":0.01511705107986927,"z":-0.00384451262652874,"w":0.9690402746200562},"size":0.4151657819747925,"orthographic":false}