{"cameraMode":{"drawMode":0,"name":"Shaded","section":"Shading Mode"},"sceneLighting":false,"audioPlay":false,"sceneViewState":{"showFog":true,"showMaterialUpdate":true,"showSkybox":true,"showFlares":true,"showImageEffects":true,"showParticleSystems":true},"in2DMode":false,"pivot":{"x":-15.0,"y":0.8746623992919922,"z":19.12940216064453},"rotation":{"x":0.36609137058258059,"y":0.02930634468793869,"z":-0.011535652913153172,"w":0.9300457835197449},"size":6.17451810836792,"orthographic":false}