{"cameraMode":{"drawMode":0,"name":"Shaded","section":"Shading Mode"},"sceneLighting":false,"audioPlay":false,"sceneViewState":{"showFog":true,"showMaterialUpdate":false,"showSkybox":true,"showFlares":true,"showImageEffects":true,"showParticleSystems":true},"in2DMode":false,"pivot":{"x":0.0022565312683582308,"y":0.038078561425209048,"z":-0.0755653828382492},"rotation":{"x":-0.24655751883983613,"y":-0.34598591923713686,"z":0.09475328028202057,"w":-0.9002916216850281},"size":0.06952562928199768,"orthographic":false}