{"count":1,"gauges":{},"self":34.7094624,"total":101.3517119,"children":{"AgentResetIfDone":{"count":157752,"self":0.77835599999999994,"total":0.77835599999999994,"children":null},"AgentSendState":{"count":157752,"self":0.91144479999999994,"total":0.9921405,"children":{"CollectObservations":{"count":13146,"self":0.0806957,"total":0.0806957,"children":null}}},"DecideAction":{"count":157752,"self":60.798911999999994,"total":63.0848562,"children":{"AgentInfo.ToProto":{"count":13146,"self":0.48179679999999997,"total":2.2859441,"children":{"RayPerceptionSensor.Perceive":{"count":13146,"self":1.8041471999999998,"total":1.8041473,"children":null}}}}},"AcademyStep":{"count":157752,"self":0.6241747,"total":0.6241747,"children":null},"AgentAct":{"count":157752,"self":1.1627235999999999,"total":1.1627235999999999,"children":null}}}